{"cameraMode":{"drawMode":0,"name":"Shaded","section":"Shading Mode"},"sceneLighting":false,"audioPlay":false,"sceneViewState":{"m_AlwaysRefresh":false,"showFog":true,"showSkybox":true,"showFlares":true,"showImageEffects":true,"showParticleSystems":true,"showVisualEffectGraphs":true,"m_FxEnabled":true},"in2DMode":false,"pivot":{"x":16.534509658813478,"y":1.3752994537353516,"z":1.019958734512329},"rotation":{"x":0.17303264141082765,"y":0.6385207176208496,"z":-0.15038762986660005,"w":0.7346692681312561},"size":2.1225931644439699,"orthographic":false}