{"cameraMode":{"drawMode":0,"name":"Shaded","section":"Shading Mode"},"sceneLighting":false,"audioPlay":false,"sceneViewState":{"m_AlwaysRefresh":false,"showFog":true,"showSkybox":true,"showFlares":true,"showImageEffects":true,"showParticleSystems":true,"showVisualEffectGraphs":true,"m_FxEnabled":true},"in2DMode":false,"pivot":{"x":-0.12541556358337403,"y":-0.22371554374694825,"z":-0.28212010860443118},"rotation":{"x":0.33938589692115786,"y":0.5033273696899414,"z":-0.224054753780365,"w":0.7624173760414124},"size":2.5259697437286379,"orthographic":false}